,word1,word2,prediction
0,abandon,frost,-10.325571060180664
1,abandon,railroad,-12.060079574584961
2,abortion,religion,-11.764378547668457
3,abstract,candle,-12.260536193847656
4,abstract,frog,-11.807913780212402
5,abstract,moon,-12.117229461669922
6,abstract,rally,-13.080909729003906
7,abuse,abuse,-0.0
8,abuse,disorder,-10.97186279296875
9,accommodate,adjust,-8.459320068359375
10,accommodation,accommodation,-0.0
11,accompany,walking,-9.782301902770996
12,account,explanation,-9.26251220703125
13,account,invoice,-8.52656364440918
14,act,improvement,-9.584485054016113
15,action,adjustment,-10.48180103302002
16,action,entrance,-10.77408218383789
17,activity,solo,-10.654132843017578
18,activity,variation,-11.00972843170166
19,actor,amateur,-11.412653923034668
20,ad,track,-10.747724533081055
21,add,increased,-9.907517433166504
22,add,string,-8.995857238769531
23,addition,segment,-10.910543441772461
24,admitting,confess,-10.414204597473145
25,adult,dentist,-11.150484085083008
26,advance,advance,-0.0
27,advance,string,-10.827005386352539
28,advice,recommendation,-7.3735222816467285
29,advised,murder,-12.046868324279785
30,aerial,clown,-10.656671524047852
31,africa,territory,-11.58533000946045
32,age,history,-9.552375793457031
33,agency,police,-10.737115859985352
34,aim,intending,-10.128988265991211
35,air,cold,-9.397225379943848
36,air,plasma,-11.853401184082031
37,air,satellite,-11.364209175109863
38,aircraft,fleet,-11.049994468688965
39,aircraft,flight,-8.501218795776367
40,aircraft,yacht,-14.016975402832031
41,airplane,plane,-6.7350029945373535
42,ale,bitter,-9.768852233886719
43,alley,street,-7.093932628631592
44,aluminum,component,-10.90114688873291
45,aluminum,imperative,-11.628983497619629
46,american,lobster,-10.973733901977539
47,ammunition,intolerable,-12.273232460021973
48,amount,number,-8.38834285736084
49,amounted,make,-9.051146507263184
50,amusement,athletics,-12.271550178527832
51,amusement,procedure,-12.632516860961914
52,anatomy,palm,-13.321121215820312
53,ancient,city,-11.367168426513672
54,angel,asphalt,-12.521096229553223
55,angel,pod,-11.052092552185059
56,angrier,stormy,-10.27138900756836
57,animal,asia,-12.995369911193848
58,animal,flora,-14.032121658325195
59,animal,giraffe,-11.676512718200684
60,animal,mural,-13.03483772277832
61,animal,wild,-10.93553352355957
62,animal,worm,-10.180399894714355
63,animal,zoo,-10.51218318939209
64,anniversary,marriage,-10.247364044189453
65,answering,counter,-8.665740966796875
66,anxiety,insecurities,-10.920384407043457
67,apartment,staircase,-11.5266752243042
68,appliance,dryer,-7.9584641456604
69,appreciate,see,-6.786316394805908
70,approach,avenue,-11.652350425720215
71,approach,merit,-11.140554428100586
72,approach,trench,-12.175029754638672
73,approval,encouragement,-12.474567413330078
74,approving,interaction,-10.922520637512207
75,aquarium,coin,-12.997729301452637
76,arch,brick,-11.4446382522583
77,arch,roof,-12.196078300476074
78,architecture,urban,-9.107658386230469
79,area,space,-5.993621349334717
80,argument,evidence,-9.723851203918457
81,arm,bicycle,-11.725140571594238
82,arm,television,-11.936954498291016
83,arrange,discard,-11.047755241394043
84,arrange,study,-12.010381698608398
85,arrangement,blizzard,-11.805142402648926
86,arrangement,room,-11.360396385192871
87,art,craft,-10.397597312927246
88,art,gem,-10.253814697265625
89,art,museum,-8.16239070892334
90,art,painting,-8.761582374572754
91,article,cup,-12.498205184936523
92,article,girl,-11.614407539367676
93,ash,bone,-11.877386093139648
94,ash,coil,-11.866067886352539
95,asphalt,crane,-12.541757583618164
96,asphalt,water,-11.372702598571777
97,assets,exclude,-13.481234550476074
98,association,organization,-9.639103889465332
99,association,realtor,-11.764237403869629
100,asylum,dollar,-11.488069534301758
101,asylum,shelter,-12.583791732788086
102,athletics,racing,-12.401956558227539
103,athletics,swimming,-12.199790000915527
104,attempt,give,-7.98723840713501
105,attempt,initiate,-8.460125923156738
106,attitude,notice,-8.60906982421875
107,attitude,study,-11.979815483093262
108,attorney,lawyer,-4.297728061676025
109,auto,bright,-11.885437965393066
110,automobile,fabric,-12.88264274597168
111,automobile,racing,-12.938271522521973
112,autumn,foliage,-9.416543006896973
113,autumn,hat,-11.465639114379883
114,autumn,sunshine,-8.782118797302246
115,autumn,winter,-7.9496307373046875
116,award,citation,-13.902541160583496
117,baby,treat,-9.13496208190918
118,back,lumbar,-10.586512565612793
119,back,shifting,-10.589032173156738
120,bacon,bread,-5.097728729248047
121,bacon,pepper,-7.086296558380127
122,bacon,salad,-6.709565162658691
123,bacon,tomato,-6.031369686126709
124,bacon,wild,-9.027161598205566
125,bag,cop,-11.341193199157715
126,bag,flag,-9.354891777038574
127,bakery,cake,-7.584695816040039
128,bakery,vehicle,-11.556351661682129
129,balance,gauge,-10.943561553955078
130,banana,salad,-9.021995544433594
131,band,guitar,-7.095019817352295
132,band,metal,-10.57578182220459
133,band,play,-9.246012687683105
134,band,uniform,-11.80576229095459
135,band,vinyl,-10.861947059631348
136,bank,smell,-12.29952335357666
137,bankruptcy,enterprise,-11.340179443359375
138,bar,diner,-7.822972774505615
139,bar,ship,-11.263588905334473
140,bar,stair,-10.655891418457031
141,bar,sushi,-8.635001182556152
142,barn,food,-10.683024406433105
143,barrel,gallon,-10.6401948928833
144,base,club,-10.774752616882324
145,baseball,born,-12.26418685913086
146,baseball,cactus,-11.13115119934082
147,baseball,game,-7.886570453643799
148,baseball,hockey,-6.900571823120117
149,baseball,season,-9.304994583129883
150,basket,dinner,-7.403968334197998
151,basketball,lesson,-11.736165046691895
152,basketball,squash,-12.617264747619629
153,bat,bats,-9.334297180175781
154,bath,bedroom,-7.757702827453613
155,bath,floor,-9.227686882019043
156,bath,hot,-9.709859848022461
157,bath,sleep,-9.759963035583496
158,bathroom,chamber,-13.041234970092773
159,bay,curve,-10.687328338623047
160,bay,harbour,-9.200884819030762
161,beach,cliff,-11.264788627624512
162,beach,pebble,-11.252935409545898
163,bead,chess,-11.781492233276367
164,bead,gold,-10.473100662231445
165,bead,redhead,-12.190434455871582
166,beam,column,-9.968697547912598
167,beard,hair,-9.129947662353516
168,beat,meter,-9.911733627319336
169,bed,candy,-11.850515365600586
170,bed,floor,-8.345230102539062
171,bed,furniture,-8.878202438354492
172,bed,layer,-11.166701316833496
173,bed,pillow,-6.499989032745361
174,bed,relax,-10.483675956726074
175,bed,sitting,-9.325011253356934
176,bed,staircase,-12.10899829864502
177,bedroom,canyon,-12.869194984436035
178,bedroom,ceiling,-9.570672988891602
179,bedroom,cell,-11.737005233764648
180,bedroom,construction,-10.116842269897461
181,bedroom,door,-9.384066581726074
182,bedroom,downtown,-11.578904151916504
183,bedroom,room,-6.508699417114258
184,bedroom,stair,-11.337929725646973
185,bedroom,staircase,-11.684368133544922
186,beef,chicken,-3.675100088119507
187,beef,lamb,-5.836589813232422
188,beef,pepper,-5.4274067878723145
189,beef,potato,-5.3284735679626465
190,beer,patio,-8.988607406616211
191,beer,wild,-10.03390884399414
192,being,characters,-9.896939277648926
193,believe,week,-7.27062463760376
194,belly,black,-8.033565521240234
195,belly,dance,-11.106324195861816
196,belly,dark,-10.575338363647461
197,belly,field,-12.136876106262207
198,belly,stripe,-10.639369010925293
199,bench,game,-11.45976734161377
200,benefited,get,-9.133338928222656
201,bent,double,-10.632973670959473
202,bent,inclination,-10.266046524047852
203,berlin,germany,-9.679652214050293
204,berry,blossom,-8.212109565734863
205,berry,bright,-10.738251686096191
206,berry,dessert,-6.685422897338867
207,berry,ivy,-10.52319622039795
208,berry,raspberry,-4.100889205932617
209,berry,seed,-7.598172187805176
210,berry,sweet,-5.541163921356201
211,bias,prejudice,-9.422630310058594
212,bible,misty,-12.737850189208984
213,bicycle,green,-12.077754020690918
214,bigger,large,-5.414030075073242
215,bike,chopper,-11.421626091003418
216,bikini,ivy,-10.362141609191895
217,bin,cup,-9.656960487365723
218,bird,cock,-10.391107559204102
219,bird,dragonfly,-10.99063777923584
220,bird,flamingo,-10.858717918395996
221,bird,goose,-10.414426803588867
222,bird,insect,-10.004341125488281
223,bird,reptile,-9.386287689208984
224,bird,shade,-10.417497634887695
225,bird,solid,-9.976576805114746
226,bishop,priest,-12.1532564163208
227,bishop,radical,-13.202784538269043
228,bishop,wine,-12.229347229003906
229,bit,curb,-9.078261375427246
230,bit,tool,-10.809674263000488
231,bitter,taste,-5.358902931213379
232,black,blue,-5.905797481536865
233,black,bright,-8.804426193237305
234,black,brown,-5.693930149078369
235,black,cigarette,-10.994446754455566
236,black,juvenile,-12.356705665588379
237,black,skirt,-8.108209609985352
238,black,white,-3.821658134460449
239,blast,smashing,-10.030902862548828
240,blaze,pig,-10.608601570129395
241,blessing,patronage,-10.505270004272461
242,blizzard,rash,-11.765962600708008
243,block,hinder,-10.215492248535156
244,blonde,haircut,-8.441450119018555
245,blonde,wig,-8.981317520141602
246,bloom,flower,-8.567482948303223
247,bloom,friend,-10.836662292480469
248,bloom,plant,-9.346067428588867
249,bloom,purple,-11.23450756072998
250,blossom,bud,-10.119131088256836
251,blossom,cherry,-7.309086799621582
252,blossom,daisy,-11.110628128051758
253,blossom,foliage,-10.568212509155273
254,blossom,orange,-7.32734489440918
255,blossom,petal,-8.297541618347168
256,blossom,purple,-8.956985473632812
257,blow,contact,-10.794841766357422
258,blow,swat,-11.121220588684082
259,blowing,smoking,-8.736814498901367
260,blue,colour,-9.288064956665039
261,blue,happy,-8.582316398620605
262,blue,report,-11.920629501342773
263,blue,shade,-10.469670295715332
264,blue,skirt,-8.640168190002441
265,blues,rhythm,-8.484601974487305
266,blur,focus,-10.238309860229492
267,blur,metro,-11.05526351928711
268,board,deal,-8.881424903869629
269,boardwalk,park,-8.908181190490723
270,boast,complain,-8.905976295471191
271,boat,negro,-12.916569709777832
272,boat,shore,-8.459182739257812
273,bold,forward,-9.987238883972168
274,bold,leader,-11.886460304260254
275,bone,skull,-11.857860565185547
276,book,building,-10.232142448425293
277,book,smoking,-9.697213172912598
278,booklet,reference,-9.89953899383545
279,boot,kick,-9.694655418395996
280,boot,punch,-9.682162284851074
281,bootleg,produce,-12.596857070922852
282,bootleg,whiskey,-12.603730201721191
283,born,construction,-11.777565956115723
284,born,mother,-8.556743621826172
285,born,subway,-11.457942008972168
286,bottle,wine,-5.452987194061279
287,bound,line,-9.7516450881958
288,bound,skirt,-10.986462593078613
289,bowling,wheel,-11.620187759399414
290,boxer,stair,-12.828299522399902
291,boxing,hit,-10.549458503723145
292,boy,hand,-7.534396171569824
293,boy,live,-8.020301818847656
294,bracelet,jewelry,-8.10222053527832
295,bracelet,mountain,-13.00539779663086
296,brain,head,-8.980015754699707
297,brake,click,-11.76496696472168
298,branch,tea,-11.512726783752441
299,brass,executive,-12.310203552246094
300,brazil,nut,-9.48056697845459
301,brazil,triple,-9.075916290283203
302,bread,bun,-5.624490737915039
303,bread,cooking,-8.891434669494629
304,bread,cover,-10.478779792785645
305,bread,dessert,-6.975854873657227
306,bread,egg,-5.889397144317627
307,bread,medicine,-12.209074020385742
308,break,glittering,-12.044753074645996
309,break,scattered,-8.814112663269043
310,breakfast,diner,-6.242893218994141
311,breakfast,evening,-8.201909065246582
312,breakfast,lunch,-5.253420352935791
313,breakfast,makeup,-10.516030311584473
314,breakfast,morning,-6.861124038696289
315,breakfast,people,-8.4205961227417
316,breakfast,relax,-9.205294609069824
317,brick,cement,-9.884510040283203
318,brick,construction,-10.115066528320312
319,brick,skyscraper,-10.522268295288086
320,bride,photographer,-7.9643096923828125
321,bright,dark,-5.909369468688965
322,bright,fruit,-10.047567367553711
323,bright,mist,-10.09789752960205
324,bright,raspberry,-11.236172676086426
325,bright,shade,-9.112411499023438
326,bright,sky,-10.139700889587402
327,bring,presenting,-10.06694221496582
328,bring,return,-5.973505020141602
329,broadcast,packet,-12.377067565917969
330,bronze,sculpture,-9.912609100341797
331,bronze,suspicion,-12.055076599121094
332,brown,green,-6.138653755187988
333,brown,hawk,-10.876384735107422
334,brown,purple,-7.224396705627441
335,brown,white,-5.909322738647461
336,brussels,sweden,-12.90035343170166
337,bucket,water,-6.994425296783447
338,bud,flower,-10.905166625976562
339,bud,ivy,-10.22700023651123
340,budget,fund,-11.410425186157227
341,budget,scale,-9.480953216552734
342,bug,insect,-5.9472174644470215
343,building,cafe,-8.941312789916992
344,building,construction,-6.938632488250732
345,building,downtown,-8.534181594848633
346,building,floor,-8.428485870361328
347,building,ministry,-13.518177032470703
348,building,tall,-9.463606834411621
349,building,zombie,-11.759834289550781
350,burger,cooking,-9.593094825744629
351,burger,dessert,-9.571462631225586
352,burger,salad,-7.303710460662842
353,burger,soup,-9.160252571105957
354,burn,fire,-8.585346221923828
355,burn,ripple,-11.497645378112793
356,bus,rail,-8.01706314086914
357,business,railway,-12.620506286621094
358,butter,stick,-7.764969348907471
359,butterfly,caterpillar,-11.20082950592041
360,butterfly,dragonfly,-11.31257152557373
361,butterfly,glittering,-13.233152389526367
362,button,sticker,-10.60091495513916
363,cafe,child,-11.481013298034668
364,cafe,coffee,-6.559603691101074
365,cafe,dinner,-8.460657119750977
366,cafe,donut,-9.439346313476562
367,cafe,lunch,-7.0124382972717285
368,cafe,pub,-8.8074369430542
369,cafe,reflection,-9.79330825805664
370,cafe,relax,-8.617754936218262
371,cafe,shop,-7.75276517868042
372,cafe,spiral,-10.928644180297852
373,cake,christmas,-10.344658851623535
374,call,meeting,-9.153979301452637
375,call,statement,-9.18336296081543
376,call,telephone,-6.5642900466918945
377,camel,desert,-10.764491081237793
378,camp,camp,-0.0
379,campaign,conspiracy,-14.780732154846191
380,can,sketch,-9.784778594970703
381,candidate,republic,-12.16260814666748
382,canine,dog,-7.009237766265869
383,canyon,landscape,-10.68401050567627
384,canyon,river,-8.657224655151367
385,car,insurance,-9.7962007522583
386,car,pig,-11.881829261779785
387,car,skull,-13.045886993408203
388,card,playing,-11.705985069274902
389,card,see,-9.995369911193848
390,carrier,carrier,-0.0
391,carrier,traveler,-11.220507621765137
392,carrier,vehicle,-11.080777168273926
393,carrot,memorial,-12.30731201171875
394,carrot,salad,-6.142077922821045
395,cart,wagon,-9.553319931030273
396,cartoon,wit,-12.20771598815918
397,case,clients,-9.145989418029785
398,cast,cast,-0.0
399,cast,shoot,-11.113967895507812
400,castle,patio,-10.720932006835938
401,castle,ruin,-9.993834495544434
402,cat,garden,-12.117021560668945
403,catch,catching,-4.95398473739624
404,catch,hooks,-10.331666946411133
405,catching,perceive,-11.112544059753418
406,catching,playing,-9.043807029724121
407,category,flavor,-10.355813980102539
408,catering,loan,-11.568354606628418
409,caterpillar,paint,-12.926084518432617
410,cathedral,step,-11.931066513061523
411,cattle,goat,-11.557794570922852
412,cattle,web,-12.045079231262207
413,cautious,film,-12.201996803283691
414,ceiling,marble,-7.878438949584961
415,ceiling,mug,-11.867767333984375
416,ceiling,room,-9.836933135986328
417,ceiling,staircase,-9.273634910583496
418,ceiling,wall,-5.787642955780029
419,cell,membrane,-11.54226303100586
420,cemetery,grave,-10.522945404052734
421,cemetery,memorial,-8.490864753723145
422,center,center,-0.0
423,center,refer,-10.238304138183594
424,century,period,-9.286002159118652
425,century,temperature,-11.63143539428711
426,ceramic,floor,-11.0191068649292
427,chance,fortune,-8.44437026977539
428,chance,opportunity,-6.639284610748291
429,chance,ring,-9.739579200744629
430,change,laundering,-9.335267066955566
431,change,transforming,-11.468293190002441
432,change,yielding,-12.735867500305176
433,channel,sound,-9.92948055267334
434,chaos,death,-10.411151885986328
435,chapel,porch,-11.408105850219727
436,chapel,ruin,-11.124408721923828
437,charcoal,fuel,-11.311541557312012
438,charge,damage,-9.804232597351074
439,charge,sentence,-9.73008918762207
440,checked,checked,-0.0
441,cheer,musician,-11.320866584777832
442,cheese,food,-8.870061874389648
443,cheetah,flame,-12.176047325134277
444,chemical,intermediate,-13.261688232421875
445,chemistry,patient,-11.695755004882812
446,cherry,fruit,-6.1258320808410645
447,cherry,grape,-6.468087673187256
448,cherry,lamb,-9.602641105651855
449,cherry,meat,-9.520112037658691
450,cherry,orange,-5.627676963806152
451,cherry,raspberry,-5.210855007171631
452,chess,family,-10.141633987426758
453,chess,toy,-11.080008506774902
454,chicken,lamb,-6.167579174041748
455,chicken,poultry,-9.27904987335205
456,chief,guru,-9.944859504699707
457,child,lad,-11.958646774291992
458,child,street,-11.598508834838867
459,chile,plate,-7.112900257110596
460,chocolate,rock,-11.718289375305176
461,choice,option,-3.7863245010375977
462,chopper,poppy,-11.25822925567627
463,chord,play,-12.448802947998047
464,christmas,valentine,-7.9369707107543945
465,church,porch,-11.186502456665039
466,church,temple,-10.383247375488281
467,circle,oval,-9.590008735656738
468,circle,sport,-11.389485359191895
469,city,round,-9.342607498168945
470,city,ruin,-9.901754379272461
471,city,sidewalk,-9.585886001586914
472,city,square,-7.49153470993042
473,city,urban,-7.687719345092773
474,class,sex,-12.01132869720459
475,cliff,coast,-11.428084373474121
476,cliff,harbour,-11.424522399902344
477,cliff,waterfall,-10.688222885131836
478,clinic,session,-10.522343635559082
479,clock,timer,-7.670938968658447
480,close,short,-6.071895122528076
481,closed,closed,-0.0
482,closed,state,-10.073442459106445
483,closed,up,-6.782438278198242
484,closing,closing,-0.0
485,closing,finale,-10.844921112060547
486,clothes,short,-9.325912475585938
487,cloud,energy,-10.648469924926758
488,club,hockey,-10.962203979492188
489,club,shirt,-11.587369918823242
490,clubhouse,pop,-10.386344909667969
491,clue,parish,-13.11140251159668
492,coast,scenery,-11.203241348266602
493,coast,sunk,-11.17414379119873
494,coast,zebra,-12.117831230163574
495,coat,resurfacing,-12.310857772827148
496,coat,roof,-10.912036895751953
497,cock,penis,-9.087325096130371
498,cocktail,garage,-11.507735252380371
499,cocktail,restaurant,-8.861825942993164
500,coffee,meeting,-9.572741508483887
501,coffee,tea,-5.929462432861328
502,coin,gold,-11.433708190917969
503,coin,silver,-11.71225643157959
504,coin,ticket,-11.627511978149414
505,cold,mist,-9.048714637756348
506,cold,rain,-9.7030668258667
507,cold,silver,-10.643704414367676
508,cold,sunny,-8.119097709655762
509,cold,sunshine,-9.31318187713623
510,cold,water,-7.3865790367126465
511,cold,weather,-7.937956809997559
512,cold,winter,-8.132763862609863
513,coldness,cool,-9.434972763061523
514,collage,exhibition,-13.585151672363281
515,collage,paint,-12.381975173950195
516,collage,sculpture,-11.505241394042969
517,collage,stream,-11.447813987731934
518,collapse,shock,-10.986223220825195
519,collar,tiger,-10.203774452209473
520,collect,collect,-0.0
521,collect,scrape,-10.57421875
522,collection,library,-9.621824264526367
523,collection,packet,-11.620970726013184
524,color,quality,-11.090493202209473
525,color,wash,-11.042054176330566
526,colorful,outfit,-10.997085571289062
527,colorful,shot,-10.693787574768066
528,colorful,toy,-11.241354942321777
529,colorful,wood,-8.842506408691406
530,colors,emblem,-12.669739723205566
531,colour,grey,-7.914588451385498
532,colour,shade,-10.105225563049316
533,comfort,relief,-9.892030715942383
534,comment,mention,-5.8312835693359375
535,commercial,manufacture,-10.610559463500977
536,commitment,guarantee,-9.521221160888672
537,communication,theater,-12.077031135559082
538,compact,short,-9.33758544921875
539,company,distributor,-9.786031723022461
540,compartment,stalls,-11.69997501373291
541,compatible,software,-8.748906135559082
542,competes,race,-11.79016399383545
543,compound,enhance,-11.10319709777832
544,compound,whole,-9.685505867004395
545,computer,lab,-9.860733985900879
546,computer,number,-7.800818920135498
547,computer,platform,-11.651252746582031
548,computer,railway,-14.166685104370117
549,concentration,focus,-10.036942481994629
550,concert,jazz,-8.595226287841797
551,concert,sing,-9.39078140258789
552,concerts,settle,-11.552111625671387
553,conclusion,judgment,-8.684930801391602
554,conclusion,situation,-8.882209777832031
555,concoct,request,-9.85974407196045
556,concrete,interior,-10.617656707763672
557,concrete,pin,-11.407878875732422
558,cone,palm,-11.446836471557617
559,congress,sex,-12.941778182983398
560,connection,keyboard,-10.251818656921387
561,consequences,position,-10.47411060333252
562,consistency,phase,-11.218311309814453
563,construction,downtown,-9.707399368286133
564,construction,interior,-10.370445251464844
565,contact,print,-10.762955665588379
566,control,driving,-10.137482643127441
567,cooking,dessert,-9.953680038452148
568,cooking,eat,-7.328501224517822
569,cooking,food,-6.998520374298096
570,cooking,frozen,-8.036364555358887
571,cooking,salad,-9.51551342010498
572,cool,cool,-0.0
573,cool,jazz,-8.604108810424805
574,cool,state,-11.193902015686035
575,cop,dirty,-12.288386344909668
576,cop,music,-12.52469539642334
577,cop,ruin,-10.622260093688965
578,cord,eclipse,-12.270180702209473
579,corn,pepper,-4.596418380737305
580,cost,price,-5.5652642250061035
581,costume,halloween,-7.557408809661865
582,costume,radiation,-14.202816009521484
583,cottage,patio,-9.35648250579834
584,council,minister,-13.936830520629883
585,count,investigation,-11.105721473693848
586,count,number,-7.4516119956970215
587,counter,furniture,-10.036898612976074
588,counter,negative,-9.332515716552734
589,couple,family,-6.4301347732543945
590,couple,makeup,-9.14315414428711
591,couple,race,-10.229851722717285
592,cousin,relation,-9.340100288391113
593,cover,feather,-10.883745193481445
594,cover,sleeve,-10.061264038085938
595,covering,skin,-10.185054779052734
596,cowboys,ranch,-11.180622100830078
597,crack,cracking,-7.240250587463379
598,cracking,noise,-10.835794448852539
599,cracking,sound,-10.560952186584473
600,craft,game,-10.609922409057617
601,crane,stair,-10.980508804321289
602,crash,swing,-10.088929176330566
603,creation,stitch,-12.815068244934082
604,credit,flap,-12.24629020690918
605,credit,foundation,-12.101834297180176
606,crew,unit,-9.9171781539917
607,critic,reviewers,-7.146315574645996
608,crochet,family,-11.680190086364746
609,crochet,jewelry,-11.65948486328125
610,crochet,knitting,-6.29140043258667
611,cross,mug,-10.925443649291992
612,cross,post,-10.348527908325195
613,cross,pub,-10.374403953552246
614,cross,shopping,-9.767439842224121
615,crush,push,-9.855257034301758
616,crush,split,-9.748767852783203
617,crystal,spiral,-10.317440032958984
618,cube,dice,-10.392836570739746
619,cup,handbag,-11.41701889038086
620,curb,smother,-10.996560096740723
621,curb,train,-10.650198936462402
622,current,flow,-10.251437187194824
623,cut,gore,-12.56573486328125
624,cute,fashion,-8.804888725280762
625,cute,friend,-8.056410789489746
626,cute,fun,-7.808226108551025
627,cute,haircut,-10.505958557128906
628,cylinder,pen,-11.751404762268066
629,daisy,foliage,-12.273482322692871
630,daisy,grass,-12.076194763183594
631,daisy,petal,-10.9010009765625
632,dance,hotel,-11.972868919372559
633,dandelion,foliage,-11.205353736877441
634,dandelion,grass,-10.806997299194336
635,dandelion,petal,-9.491907119750977
636,danger,status,-11.832867622375488
637,dark,flamingo,-10.961800575256348
638,dark,pod,-10.45447826385498
639,dark,white,-7.261720180511475
640,dashboard,protection,-11.237149238586426
641,daughter,graphic,-12.346622467041016
642,daughter,pub,-10.893386840820312
643,dawn,day,-8.304603576660156
644,day,glide,-11.06507682800293
645,day,horse,-10.541048049926758
646,day,independence,-9.821966171264648
647,day,night,-5.994486331939697
648,day,sunny,-8.257046699523926
649,day,sunset,-9.355914115905762
650,day,weather,-7.8908891677856445
651,dead,sidewalk,-9.357401847839355
652,deaf,people,-9.525819778442383
653,death,funeral,-9.778799057006836
654,decision,option,-7.841374397277832
655,decoration,tulip,-9.919299125671387
656,defeat,ending,-10.957002639770508
657,defeated,people,-10.432211875915527
658,degree,quantity,-11.16854476928711
659,demand,supply,-9.16765308380127
660,demolition,interior,-12.161293983459473
661,demolition,skyscraper,-12.247648239135742
662,demolition,tall,-12.465546607971191
663,desert,mountain,-7.254941463470459
664,deserve,merit,-8.736739158630371
665,deserve,want,-6.969742774963379
666,design,graphic,-10.066801071166992
667,design,orange,-11.025278091430664
668,designation,recognition,-11.179170608520508
669,designs,intend,-10.688097953796387
670,dessert,head,-10.070428848266602
671,dessert,salad,-7.932898044586182
672,determination,selection,-12.209874153137207
673,development,twist,-12.909128189086914
674,diamond,parade,-12.196227073669434
675,diamond,short,-9.475865364074707
676,diamond,stencil,-11.736900329589844
677,difficulty,problem,-9.404781341552734
678,digit,toe,-11.919530868530273
679,dilute,market,-10.88178825378418
680,dinner,sitting,-7.854509353637695
681,dinner,sleep,-10.366447448730469
682,direction,direction,-0.0
683,direction,traveling,-9.69910717010498
684,dirt,racing,-11.62759017944336
685,dirt,road,-10.04414176940918
686,dirt,sand,-8.491694450378418
687,dirty,dude,-9.958352088928223
688,dirty,rabbit,-11.294380187988281
689,dirty,washing,-7.008631229400635
690,discharge,spread,-11.890449523925781
691,discipline,discipline,-0.0
692,disk,dot,-10.727578163146973
693,display,stick,-9.486989974975586
694,dissipate,isolate,-12.406631469726562
695,distinction,sword,-13.22761058807373
696,distinguish,medal,-12.083648681640625
697,distinguish,sex,-11.580395698547363
698,disturbance,upset,-10.051572799682617
699,diversion,skiing,-13.477951049804688
700,dock,herb,-11.644103050231934
701,dog,husky,-6.480891704559326
702,dog,secretary,-11.954195976257324
703,doll,new,-9.94087028503418
704,dome,interior,-10.870918273925781
705,dome,uniform,-11.999824523925781
706,donut,panda,-9.366814613342285
707,door,interior,-9.735347747802734
708,door,porch,-8.900157928466797
709,door,room,-8.542571067810059
710,downtown,field,-10.293587684631348
711,downtown,hockey,-10.899195671081543
712,downtown,ruin,-9.95086669921875
713,downtown,shopping,-7.987125873565674
714,downtown,subway,-8.200396537780762
715,drag,drawing,-11.610897064208984
716,dragon,drop,-10.469161987304688
717,dragonfly,frog,-11.321183204650879
718,dragonfly,insect,-11.493819236755371
719,draw,draw,-0.0
720,draw,entertainer,-11.820377349853516
721,dress,match,-9.430063247680664
722,dress,neckline,-8.610045433044434
723,dress,outfit,-7.800366401672363
724,dressing,patch,-11.13074016571045
725,drill,implement,-12.23813247680664
726,drink,turn,-8.836551666259766
727,dripping,hot,-7.297809600830078
728,dripping,round,-9.2468843460083
729,dripping,wet,-5.809825897216797
730,drive,drive,-0.0
731,drive,operate,-10.338011741638184
732,drop,drop,-0.0
733,drop,measure,-8.970955848693848
734,drop,sink,-10.572749137878418
735,dropping,dropping,-0.0
736,drought,time,-10.691411972045898
737,drug,reflection,-12.04499626159668
738,drug,sing,-12.510795593261719
739,drug,wolf,-12.378334999084473
740,dude,fun,-9.78233528137207
741,dude,hanging,-9.523542404174805
742,dude,sitting,-8.536287307739258
743,dude,smile,-8.971613883972168
744,dusk,hummingbird,-11.624738693237305
745,dusk,misty,-11.7635498046875
746,dye,kiss,-11.984294891357422
747,eagle,feather,-12.331637382507324
748,ear,organ,-11.973138809204102
749,earn,make,-8.50313663482666
750,ease,relaxation,-10.646612167358398
751,ease,rest,-8.708083152770996
752,east,israel,-11.168270111083984
753,easter,preference,-9.997198104858398
754,eat,rabbit,-9.413740158081055
755,eat,soup,-7.13971471786499
756,eat,truck,-9.173758506774902
757,educated,learned,-8.005293846130371
758,effects,effects,-0.0
759,egg,lego,-12.687597274780273
760,egg,nest,-10.534177780151367
761,egg,white,-7.4848504066467285
762,eight,movement,-11.55803394317627
763,element,mixture,-8.23660659790039
764,element,situation,-10.980181694030762
765,elephant,giraffe,-9.484048843383789
766,emission,gum,-12.03339958190918
767,endeavor,worst,-11.733100891113281
768,enemy,strike,-9.713345527648926
769,enforcing,execute,-11.593439102172852
770,engine,gasoline,-10.576813697814941
771,engineering,technology,-9.83189868927002
772,english,french,-8.264447212219238
773,enhanced,increased,-11.315094947814941
774,enjoy,suffering,-11.267316818237305
775,enterprise,industry,-9.820910453796387
776,entrance,registration,-10.68962574005127
777,equipment,seat,-11.705609321594238
778,escalator,railway,-12.644355773925781
779,escalator,redhead,-12.711965560913086
780,establishment,establishment,-0.0
781,evaluate,forecast,-11.845009803771973
782,evening,fun,-7.89962100982666
783,evening,night,-4.049291133880615
784,evening,time,-6.067718029022217
785,event,influence,-11.160893440246582
786,evidence,format,-11.230889320373535
787,evidence,record,-8.411808967590332
788,evil,worst,-10.1875
789,evolution,publicity,-12.433686256408691
790,examination,quiz,-12.615461349487305
791,executive,organization,-10.191330909729004
792,exhibit,parade,-12.52448844909668
793,exhibition,painting,-12.605547904968262
794,exhibition,soup,-13.649532318115234
795,expect,think,-3.6295599937438965
796,expectation,possibility,-9.498308181762695
797,expedition,mystery,-10.892403602600098
798,explosion,stencil,-12.98310661315918
799,express,mail,-9.808708190917969
800,extending,increase,-10.220047950744629
801,extort,school,-13.082642555236816
802,eye,face,-7.724443435668945
803,eye,lip,-8.444509506225586
804,eye,sky,-11.117158889770508
805,fabric,lace,-8.64199447631836
806,fabric,sail,-12.94825553894043
807,face,stop,-9.279857635498047
808,face,tear,-9.253561019897461
809,fair,midway,-9.235628128051758
810,family,town,-5.951934814453125
811,fantasy,fiction,-10.549522399902344
812,fantasy,recycling,-13.127595901489258
813,farm,wind,-11.653975486755371
814,farmer,individual,-10.778202056884766
815,fashion,handwriting,-11.887673377990723
816,fashion,outfit,-8.716740608215332
817,fauna,toy,-14.04951286315918
818,fbi,investigation,-10.010025024414062
819,fear,fear,-0.0
820,feather,flamingo,-11.62814712524414
821,feather,grey,-11.046196937561035
822,feather,hummingbird,-11.52895450592041
823,feather,mallard,-12.1767578125
824,feather,nest,-11.604488372802734
825,feather,sunflower,-12.548018455505371
826,feedback,flow,-10.443219184875488
827,feel,friend,-7.342649459838867
828,feel,stop,-7.539451599121094
829,feel,tear,-10.047394752502441
830,feline,kitten,-7.866162300109863
831,feline,kitty,-9.255202293395996
832,feline,nut,-12.630057334899902
833,feline,pumpkin,-13.156416893005371
834,feline,reptile,-10.499135971069336
835,female,old,-9.977611541748047
836,female,square,-11.211538314819336
837,festival,gate,-11.948652267456055
838,festival,music,-11.256287574768066
839,fiction,romance,-10.909423828125
840,field,handle,-9.758852005004883
841,field,play,-9.2146577835083
842,field,science,-9.497138977050781
843,fighting,resist,-10.599352836608887
844,filing,formations,-14.512767791748047
845,filled,filled,-0.0
846,find,occurrence,-9.241528511047363
847,fine,precise,-9.064617156982422
848,finger,toe,-6.387073040008545
849,fingerprint,football,-13.257787704467773
850,fire,flame,-7.204901695251465
851,fish,fishing,-11.321388244628906
852,fishing,shore,-10.050224304199219
853,fishing,word,-12.08617877960205
854,five,month,-8.626376152038574
855,flame,peacock,-12.797590255737305
856,flame,reaction,-10.988655090332031
857,flat,housing,-11.933465003967285
858,fleet,travel,-10.370674133300781
859,flight,plane,-3.716337203979492
860,flight,shoot,-12.164841651916504
861,flood,flood,-0.0
862,flood,line,-10.76744270324707
863,floor,interior,-9.350653648376465
864,floor,stair,-8.290188789367676
865,flour,garlic,-6.4063720703125
866,flower,foliage,-9.332440376281738
867,flower,garden,-8.08242130279541
868,flower,lily,-8.633430480957031
869,flower,petal,-8.633160591125488
870,flower,spring,-10.2261381149292
871,flower,yellow,-9.868587493896484
872,flush,good,-10.013802528381348
873,flyer,justice,-10.494758605957031
874,fog,mist,-8.937353134155273
875,fog,sunny,-10.49252700805664
876,foliage,fruit,-12.028800010681152
877,foliage,garden,-7.556578159332275
878,foliage,moss,-11.92915153503418
879,foliage,pink,-11.622754096984863
880,foliage,purple,-11.523224830627441
881,foliage,violet,-13.14509391784668
882,followed,tailgate,-10.835356712341309
883,follower,planet,-11.435997009277344
884,follower,satellite,-12.538141250610352
885,food,medium,-8.061753273010254
886,foot,mural,-11.984116554260254
887,foot,outdoor,-10.760047912597656
888,foot,toe,-7.505026340484619
889,football,justice,-11.116166114807129
890,footprint,scooter,-12.722782135009766
891,ford,valley,-11.09023380279541
892,foreign,nation,-10.918907165527344
893,forest,frog,-10.754111289978027
894,forest,ground,-10.711267471313477
895,format,packaging,-11.324684143066406
896,formation,perceive,-13.574935913085938
897,formation,perform,-13.593637466430664
898,forward,player,-11.558981895446777
899,forward,position,-10.091002464294434
900,forward,transport,-10.923891067504883
901,foundation,support,-10.356816291809082
902,fountain,marble,-9.515251159667969
903,free,skin,-10.960837364196777
904,frost,lily,-10.380785942077637
905,frost,weather,-10.053045272827148
906,frozen,shop,-9.441259384155273
907,frozen,soup,-8.655685424804688
908,fruit,orange,-6.06032133102417
909,fruit,product,-11.03708267211914
910,fruit,strawberry,-4.743022441864014
911,fruit,sunflower,-8.009560585021973
912,fun,haircut,-10.672503471374512
913,fun,happy,-7.435632705688477
914,fungi,insect,-11.933221817016602
915,fungi,mushroom,-5.55621862411499
916,furnish,impress,-10.243546485900879
917,furnishing,jumper,-10.52268123626709
918,gallery,journal,-13.023357391357422
919,gamble,pyramid,-9.72988510131836
920,game,playoff,-6.000393390655518
921,garage,kitchen,-9.56067180633545
922,garage,opener,-7.44324254989624
923,garbage,lunch,-9.231399536132812
924,gardens,sink,-13.436320304870605
925,gardens,tend,-11.322787284851074
926,gas,neon,-11.553465843200684
927,gas,sewer,-9.653214454650879
928,gasoline,town,-9.70512866973877
929,gauge,meter,-8.416101455688477
930,gem,quartz,-11.538422584533691
931,germany,worst,-10.835714340209961
932,get,regained,-10.059386253356934
933,get,start,-4.313859939575195
934,giraffe,mist,-12.112037658691406
935,giraffe,zebra,-9.362518310546875
936,giraffe,zoo,-8.208536148071289
937,girl,sexy,-9.210573196411133
938,glove,wear,-10.200542449951172
939,goose,outfit,-11.502185821533203
940,government,immunity,-14.558292388916016
941,governor,office,-13.137335777282715
942,graduate,graduate,-0.0
943,grape,wine,-8.73932933807373
944,graphic,roof,-13.046615600585938
945,grass,ski,-12.594013214111328
946,grass,skull,-12.795428276062012
947,grass,stop,-10.664921760559082
948,grave,memorial,-9.890054702758789
949,grave,santa,-11.314346313476562
950,grave,shore,-11.89501953125
951,graveyard,ruin,-9.620686531066895
952,gray,property,-12.132708549499512
953,greater,greater,-0.0
954,greater,large,-8.645576477050781
955,green,number,-10.488761901855469
956,green,yellow,-5.644425868988037
957,greeting,receptions,-11.210883140563965
958,grey,pink,-7.034610748291016
959,grey,rusty,-10.827253341674805
960,grey,white,-6.944771766662598
961,guardian,livestock,-12.997173309326172
962,gulf,ms,-12.773005485534668
963,gun,picture,-11.430654525756836
964,guy,idea,-7.15079402923584
965,guy,kid,-8.234664916992188
966,guy,kiss,-10.200201034545898
967,guy,people,-7.352943420410156
968,guy,poodle,-11.133782386779785
969,guy,sitting,-7.6688008308410645
970,guy,smile,-8.124786376953125
971,guy,stand,-7.594614028930664
972,guy,tear,-10.023486137390137
973,hail,judge,-10.643335342407227
974,hair,redhead,-9.494243621826172
975,hair,stencil,-12.453478813171387
976,hair,wig,-8.17230224609375
977,hand,left,-6.338893413543701
978,handle,shop,-9.621332168579102
979,handle,terrier,-11.41598892211914
980,hanging,smile,-10.305891036987305
981,happy,licking,-8.717724800109863
982,happy,mom,-6.357026100158691
983,happy,post,-8.439802169799805
984,happy,sleep,-9.319389343261719
985,happy,stand,-7.118540287017822
986,happy,stop,-5.481141090393066
987,happy,time,-3.88049054145813
988,harbor,sea,-11.914422035217285
989,harbor,sunk,-12.258537292480469
990,harbour,ship,-10.673296928405762
991,harbour,shore,-8.47304916381836
992,hard,zoo,-10.777727127075195
993,hat,jacket,-8.361631393432617
994,hat,jean,-10.57164192199707
995,hat,peel,-11.546854019165039
996,hat,role,-11.316035270690918
997,health,welfare,-8.83044147491455
998,heart,wing,-9.203298568725586
999,heater,stove,-9.023111343383789
1000,heel,stack,-11.517830848693848
1001,held,nest,-11.193476676940918
1002,helix,spiral,-11.604736328125
1003,highway,road,-5.492364883422852
1004,hill,horizon,-9.985845565795898
1005,hill,mountain,-7.975732326507568
1006,hill,scenery,-9.398467063903809
1007,history,recital,-12.7941312789917
1008,hit,tourist,-8.827987670898438
1009,hockey,ice,-11.520076751708984
1010,hockey,play,-8.598654747009277
1011,holiday,travel,-9.941055297851562
1012,home,smoking,-9.843721389770508
1013,honest,sincere,-8.654378890991211
1014,hood,protection,-10.623048782348633
1015,hope,psychology,-13.283714294433594
1016,horizon,sky,-10.81707763671875
1017,horizontal,surface,-10.877448081970215
1018,hostility,war,-13.260826110839844
1019,hot,hot,-0.0
1020,hot,sunny,-8.428473472595215
1021,hotel,kill,-10.430024147033691
1022,hotel,library,-11.79157543182373
1023,hotel,oak,-11.316472053527832
1024,house,staircase,-10.434737205505371
1025,house,windmill,-8.888391494750977
1026,housing,vault,-12.031521797180176
1027,hummingbird,rodent,-12.907977104187012
1028,husky,painting,-12.128009796142578
1029,image,visualize,-10.1600341796875
1030,impressive,striking,-9.179194450378418
1031,industrial,lake,-10.414544105529785
1032,information,target,-11.323328018188477
1033,infrastructure,structure,-10.715161323547363
1034,initial,letter,-9.037287712097168
1035,injury,wrong,-10.581452369689941
1036,ink,liquid,-11.053735733032227
1037,ink,organ,-12.6436128616333
1038,insect,lizard,-12.409850120544434
1039,installation,zoo,-13.797505378723145
1040,instruction,lesson,-8.28265380859375
1041,interest,lien,-9.685872077941895
1042,interior,object,-11.343576431274414
1043,interior,paint,-9.337898254394531
1044,interior,roof,-10.71190357208252
1045,interior,staircase,-10.354700088500977
1046,interior,tall,-9.83603286743164
1047,interpretation,twist,-9.373899459838867
1048,intrigue,romance,-9.675812721252441
1049,inventory,listing,-10.02735424041748
1050,invite,requests,-9.77094554901123
1051,ipod,rope,-12.693859100341797
1052,iron,robust,-10.125374794006348
1053,israel,israeli,-9.142816543579102
1054,israel,terror,-12.796808242797852
1055,issue,up,-8.02991771697998
1056,ivy,oak,-9.444085121154785
1057,jaguar,storm,-12.177460670471191
1058,jamaica,queens,-10.684235572814941
1059,jazz,play,-9.76064682006836
1060,jean,shirt,-9.89833927154541
1061,jean,washing,-11.585190773010254
1062,jellyfish,punk,-13.032869338989258
1063,jellyfish,texture,-10.55667495727539
1064,joke,message,-9.07436466217041
1065,journal,writing,-11.538142204284668
1066,judgment,sense,-8.202777862548828
1067,jump,stitch,-12.423786163330078
1068,jump,uniform,-11.066689491271973
1069,jury,school,-11.662967681884766
1070,justice,official,-9.126880645751953
1071,juvenile,rope,-13.098437309265137
1072,key,misty,-10.57913589477539
1073,key,motor,-10.060941696166992
1074,keyboard,soldier,-13.667876243591309
1075,kidnapped,shanghai,-12.672342300415039
1076,kill,sacrifice,-9.261011123657227
1077,kill,shot,-7.5815277099609375
1078,kind,soft,-8.023157119750977
1079,kiss,rusty,-10.686028480529785
1080,kitchen,sleep,-10.01854133605957
1081,kitchen,stair,-10.735946655273438
1082,kitchen,washing,-8.59518051147461
1083,kitten,kitty,-7.399811267852783
1084,knock,tap,-9.426931381225586
1085,lad,wizard,-11.693939208984375
1086,lady,sexy,-10.383858680725098
1087,lake,scenery,-6.549434185028076
1088,lake,town,-9.822011947631836
1089,lamb,lantern,-12.505680084228516
1090,lamb,number,-11.254958152770996
1091,lamb,snow,-9.819528579711914
1092,landscape,mountain,-10.524100303649902
1093,landscape,stadium,-12.758807182312012
1094,lantern,oak,-11.46269416809082
1095,lapse,suspension,-11.62788200378418
1096,last,last,-0.0
1097,last,senior,-10.488983154296875
1098,laundering,machine,-10.14413833618164
1099,law,mosaic,-13.362715721130371
1100,lawn,sleep,-12.276946067810059
1101,layer,region,-12.467479705810547
1102,leaf,nature,-11.128488540649414
1103,lean,rest,-8.048101425170898
1104,leap,second,-8.91011905670166
1105,learned,learned,-0.0
1106,leather,pouch,-11.129434585571289
1107,leather,sunshine,-11.98520565032959
1108,leave,pass,-6.599575996398926
1109,left,morning,-7.366087913513184
1110,left,walk,-7.42855978012085
1111,lego,rodent,-13.18274211883545
1112,lever,machine,-10.27313232421875
1113,lever,open,-11.33641242980957
1114,licking,marble,-11.815020561218262
1115,licking,pier,-12.086177825927734
1116,licking,puppy,-10.512956619262695
1117,licking,rusty,-11.016016960144043
1118,licking,sitting,-9.224893569946289
1119,lie,line,-9.33069133758545
1120,lie,sun,-10.790757179260254
1121,light,shadow,-10.605910301208496
1122,light,sleep,-10.585772514343262
1123,light,sunlight,-8.771093368530273
1124,lighthouse,wall,-12.671926498413086
1125,lighting,man,-11.138386726379395
1126,lighting,stone,-9.96485710144043
1127,lily,plant,-10.400739669799805
1128,lily,purple,-9.926460266113281
1129,lily,tulip,-10.01881217956543
1130,limb,limb,-0.0
1131,line,street,-8.897703170776367
1132,lion,square,-10.176796913146973
1133,list,position,-10.878364562988281
1134,list,post,-9.073294639587402
1135,list,shopping,-9.800341606140137
1136,listing,organization,-10.517925262451172
1137,live,stitch,-11.80859088897705
1138,location,space,-9.163006782531738
1139,lock,mannequin,-12.83784008026123
1140,looking,sightseeing,-9.36413288116455
1141,loss,reducing,-10.331511497497559
1142,love,romance,-10.574504852294922
1143,lower,sustain,-11.229390144348145
1144,lunch,morning,-6.089685440063477
1145,lunch,sunny,-8.189668655395508
1146,machine,pond,-12.241982460021973
1147,machine,sketch,-11.977705955505371
1148,machine,washing,-8.622469902038574
1149,magnitude,size,-10.337431907653809
1150,magnolia,maple,-10.2597074508667
1151,maker,manufacturer,-10.818100929260254
1152,makeup,people,-9.770573616027832
1153,male,man,-7.035980701446533
1154,manufacture,up,-10.373988151550293
1155,map,sewing,-12.30896282196045
1156,map,video,-11.353944778442383
1157,maple,oak,-10.64958381652832
1158,marble,postcard,-12.118532180786133
1159,marble,sing,-12.1998872756958
1160,market,shop,-7.737164497375488
1161,market,sweeten,-10.444633483886719
1162,mars,water,-11.749364852905273
1163,mask,roof,-12.212742805480957
1164,match,matchstick,-10.297872543334961
1165,match,play,-10.112627983093262
1166,matter,text,-8.69324016571045
1167,mayor,villa,-12.708486557006836
1168,meal,rice,-7.460354328155518
1169,means,tool,-9.997844696044922
1170,measure,twist,-10.902617454528809
1171,meat,moon,-11.081870079040527
1172,meat,potato,-5.332431793212891
1173,meat,soup,-6.850256443023682
1174,medium,organization,-12.511588096618652
1175,melody,music,-9.885680198669434
1176,memorial,rope,-12.27551555633545
1177,memory,operation,-9.316778182983398
1178,metro,rail,-7.783088684082031
1179,metro,train,-9.658021926879883
1180,military,reflection,-12.050546646118164
1181,military,wasp,-13.700838088989258
1182,mill,wild,-9.202030181884766
1183,mill,windmill,-8.656438827514648
1184,miniature,paint,-12.022754669189453
1185,miniature,painting,-11.34012508392334
1186,minister,work,-11.378975868225098
1187,mirror,raspberry,-12.625157356262207
1188,mist,sky,-10.556024551391602
1189,mist,sunny,-8.962055206298828
1190,misty,sky,-11.998760223388672
1191,misty,snow,-11.682506561279297
1192,misty,sunny,-10.31541919708252
1193,misty,sunrise,-11.35421371459961
1194,misty,sunshine,-9.566755294799805
1195,model,toe,-11.831523895263672
1196,mole,spy,-12.953377723693848
1197,moment,thief,-10.941048622131348
1198,money,pile,-10.278515815734863
1199,money,quota,-8.90972900390625
1200,monster,rock,-9.874485969543457
1201,month,year,-5.986792087554932
1202,moon,mushroom,-10.92685604095459
1203,morning,sunrise,-8.97974967956543
1204,morning,sunshine,-9.492454528808594
1205,mortal,mother,-12.162881851196289
1206,moss,plant,-11.61723518371582
1207,mother,mother,-0.0
1208,mother,mother-in-law,-6.069051265716553
1209,mother,pregnant,-7.60530424118042
1210,mother,yeast,-11.323358535766602
1211,motion,step,-10.121917724609375
1212,motto,volunteer,-11.851991653442383
1213,mouth,tongue,-5.068212509155273
1214,move,shifting,-10.446283340454102
1215,move,spread,-10.017073631286621
1216,move,swell,-11.190286636352539
1217,mozart,wagner,-11.419692993164062
1218,museum,swim,-12.401268005371094
1219,music,musician,-7.9976043701171875
1220,music,print,-12.46601676940918
1221,music,track,-11.047772407531738
1222,musical,solo,-10.634260177612305
1223,nail,rusty,-11.060542106628418
1224,nation,spanish,-11.893219947814941
1225,native,rhodes,-12.899532318115234
1226,necklace,snow,-12.762454986572266
1227,nest,wasp,-9.462387084960938
1228,noodle,pigeon,-11.863858222961426
1229,novel,story,-9.01423168182373
1230,nude,painting,-11.721125602722168
1231,nurse,nurse,-0.0
1232,nut,sunflower,-8.002889633178711
1233,observation,radio,-11.693948745727539
1234,observe,violating,-11.847066879272461
1235,obvious,plain,-8.798943519592285
1236,obvious,room,-10.095417976379395
1237,occasion,second,-6.6751484870910645
1238,occupation,place,-11.199146270751953
1239,ocean,pacific,-7.719325542449951
1240,ocean,underwater,-11.144404411315918
1241,ocean,water,-10.530660629272461
1242,old,race,-11.245633125305176
1243,old,seat,-10.225275993347168
1244,operation,operation,-0.0
1245,opinion,sentiment,-9.294604301452637
1246,orange,peel,-8.916224479675293
1247,orange,raspberry,-6.912808895111084
1248,orange,shop,-10.608723640441895
1249,origami,stadium,-13.709993362426758
1250,origin,root,-11.627025604248047
1251,out,sent,-8.030986785888672
1252,outdoor,pool,-8.397429466247559
1253,outdoor,swimming,-9.484657287597656
1254,outfit,sign,-11.312043190002441
1255,outfit,sock,-11.554271697998047
1256,overflow,sewer,-8.213813781738281
1257,pain,suffering,-7.513266563415527
1258,paint,picture,-9.973431587219238
1259,paint,portrait,-12.626935005187988
1260,painting,sculpture,-11.007472038269043
1261,palace,ruin,-9.901290893554688
1262,panorama,scenery,-10.235909461975098
1263,panorama,view,-8.759902000427246
1264,panorama,zoo,-12.924564361572266
1265,paper,railway,-13.54445743560791
1266,paper,vine,-11.785553932189941
1267,papers,security,-10.67475414276123
1268,park,parking,-7.018414497375488
1269,part,relation,-8.604581832885742
1270,party,seat,-7.877951622009277
1271,pass,ticket,-7.21253776550293
1272,pass,topping,-9.768750190734863
1273,passage,quotation,-13.152112007141113
1274,passing,passing,-0.0
1275,path,star,-11.103166580200195
1276,patio,sleep,-10.970015525817871
1277,patio,stair,-11.281011581420898
1278,patio,staircase,-10.727272987365723
1279,patio,woman,-10.359129905700684
1280,pavilion,terrace,-10.426459312438965
1281,paw,theatre,-13.261492729187012
1282,peel,skin,-6.7060699462890625
1283,pennsylvania,writer,-12.787668228149414
1284,people,wounded,-11.686029434204102
1285,pepper,potato,-5.139875411987305
1286,pepper,tomato,-4.418641090393066
1287,person,tiger,-10.425829887390137
1288,personnel,police,-10.915472030639648
1289,persuasion,weapon,-12.270933151245117
1290,petal,shade,-11.940975189208984
1291,photo,photography,-7.865243911743164
1292,photograph,still,-11.008837699890137
1293,photographer,portrait,-9.204177856445312
1294,photographer,wedding,-7.405686378479004
1295,piano,wolf,-11.878479957580566
1296,pigeon,round,-11.263781547546387
1297,pillow,stone,-10.727500915527344
1298,pink,skirt,-9.362271308898926
1299,pink,white,-6.062071800231934
1300,place,place,-0.0
1301,place,siphon,-9.445050239562988
1302,plain,report,-11.346565246582031
1303,plant,seed,-10.503477096557617
1304,plant,skate,-12.611072540283203
1305,play,rail,-11.685821533203125
1306,play,sign,-10.755791664123535
1307,play,thousand,-11.052974700927734
1308,player,slave,-13.46886157989502
1309,pledge,promise,-10.356141090393066
1310,plot,strategy,-11.965564727783203
1311,point,second,-4.232858180999756
1312,point,spot,-6.446514129638672
1313,point,tennis,-11.30770206451416
1314,point,trouble,-5.5194549560546875
1315,poll,poll,-0.0
1316,pond,water,-9.924967765808105
1317,poodle,puppy,-6.678089141845703
1318,poodle,terrier,-5.448992729187012
1319,pool,relax,-8.903280258178711
1320,porch,roof,-9.061053276062012
1321,porch,scooter,-11.563689231872559
1322,porch,staircase,-11.03018569946289
1323,portrait,underground,-12.502660751342773
1324,potato,rice,-7.280077934265137
1325,president,president,-0.0
1326,price,price,-0.0
1327,principle,principle,-0.0
1328,privilege,rich,-11.552499771118164
1329,production,production,-0.0
1330,profiling,racism,-7.183623790740967
1331,protection,roof,-10.559627532958984
1332,protest,tile,-12.69158935546875
1333,publish,show,-12.304040908813477
1334,pug,puppy,-5.56643009185791
1335,punk,vinyl,-9.958802223205566
1336,puppy,skyline,-13.085820198059082
1337,purple,violet,-9.005084991455078
1338,pyramid,speculation,-12.72925853729248
1339,quality,romance,-11.824017524719238
1340,queen,queen,-0.0
1341,race,racing,-7.6156463623046875
1342,race,square,-11.316513061523438
1343,radical,role,-12.559789657592773
1344,rail,train,-8.954333305358887
1345,railroad,underground,-10.944307327270508
1346,railway,station,-10.76591682434082
1347,rain,wet,-8.661116600036621
1348,raise,shoulders,-10.324257850646973
1349,raising,upbringing,-11.811113357543945
1350,raspberry,sweet,-5.932901382446289
1351,read,reading,-3.4814059734344482
1352,rebel,soldier,-11.840964317321777
1353,rebel,young,-10.566843032836914
1354,recognize,succeed,-9.111647605895996
1355,record,score,-8.953518867492676
1356,record,write,-9.405681610107422
1357,red,shade,-10.682341575622559
1358,red,stripe,-8.667189598083496
1359,redhead,rusty,-11.327674865722656
1360,relax,sitting,-7.834998607635498
1361,relief,total,-10.231151580810547
1362,religion,remedy,-13.031231880187988
1363,religion,trinity,-12.966363906860352
1364,report,study,-12.279485702514648
1365,reptile,vacation,-11.84815788269043
1366,reservation,reservation,-0.0
1367,resistance,resistance,-0.0
1368,reverse,reverse,-0.0
1369,rice,yellow,-6.883119583129883
1370,ripple,shadow,-12.97102165222168
1371,ripple,wave,-11.044923782348633
1372,river,valley,-10.142539978027344
1373,river,waterfall,-8.54636287689209
1374,robbery,rolling,-10.97319221496582
1375,rod,rod,-0.0
1376,role,title,-10.905902862548828
1377,rolling,sound,-9.272782325744629
1378,room,sitting,-8.523590087890625
1379,root,stem,-10.176843643188477
1380,rope,shore,-11.574772834777832
1381,rose,rose,-0.0
1382,round,shape,-8.006834030151367
1383,row,terrace,-9.274856567382812
1384,rub,wipe,-10.648040771484375
1385,ruin,stone,-10.21907901763916
1386,ruin,town,-8.096389770507812
1387,running,sprint,-9.64496898651123
1388,rusty,shade,-10.722620964050293
1389,rusty,stand,-9.523321151733398
1390,saddle,soap,-12.051891326904297
1391,sail,sheet,-12.865310668945312
1392,sailing,sunk,-10.921242713928223
1393,sake,shade,-11.570026397705078
1394,satellite,solar,-10.655607223510742
1395,scenery,trail,-7.994314193725586
1396,school,welsh,-11.792370796203613
1397,sea,shore,-11.173563957214355
1398,sea,submarine,-11.279611587524414
1399,sea,water,-10.653190612792969
1400,season,winter,-7.333419322967529
1401,seize,take,-9.001261711120605
1402,series,string,-11.670080184936523
1403,sex,sex,-0.0
1404,sexy,smile,-10.804668426513672
1405,shade,tree,-10.224292755126953
1406,shade,whale,-12.019392013549805
1407,shadow,sunlight,-10.54697322845459
1408,shape,square,-9.435759544372559
1409,sheet,sheet,-0.0
1410,shining,work,-10.09260082244873
1411,ship,spouse,-10.838293075561523
1412,shirt,tiger,-12.385035514831543
1413,shopping,store,-6.1202802658081055
1414,shore,swim,-10.197437286376953
1415,shore,town,-9.717559814453125
1416,shore,valley,-10.215341567993164
1417,short,trading,-10.241271018981934
1418,sight,vision,-9.851327896118164
1419,sign,sign,-0.0
1420,silence,still,-9.19533634185791
1421,single,sole,-8.505023002624512
1422,sitting,sleep,-9.399569511413574
1423,situation,things,-8.14282512664795
1424,skate,vehicle,-12.855436325073242
1425,skating,sticker,-12.606161117553711
1426,skin,skin,-0.0
1427,sky,sunlight,-10.259897232055664
1428,skyline,view,-6.088510513305664
1429,slash,stroke,-12.000536918640137
1430,slave,worker,-11.706777572631836
1431,sleeping,waking,-6.73975944519043
1432,small,valley,-8.85273551940918
1433,small,village,-8.468734741210938
1434,smile,time,-7.513561248779297
1435,smile,view,-11.132251739501953
1436,smile,walk,-8.526459693908691
1437,smoking,sunny,-11.113232612609863
1438,snap,touch,-7.658318996429443
1439,sock,stocking,-11.452910423278809
1440,solstice,summer,-9.703750610351562
1441,song,vocal,-9.23592758178711
1442,speech,word,-9.505345344543457
1443,spin,sweat,-8.386983871459961
1444,spiral,staircase,-8.914761543273926
1445,spread,spread,-0.0
1446,square,town,-7.4987592697143555
1447,stamp,weave,-11.4009370803833
1448,stand,tear,-9.715224266052246
1449,stand,walk,-6.54508113861084
1450,star,star,-0.0
1451,star,storm,-11.16048812866211
1452,steel,wing,-11.790130615234375
1453,step,travel,-10.468140602111816
1454,step,walk,-7.490323543548584
1455,step,wind,-10.218938827514648
1456,sticker,track,-9.759003639221191
1457,stock,stock,-0.0
1458,storm,thunderstorm,-8.36563491821289
1459,straight,stretch,-9.238263130187988
1460,strains,trouble,-10.809757232666016
1461,stream,waterfall,-9.114944458007812
1462,stripe,train,-11.785380363464355
1463,stripe,violet,-11.014784812927246
1464,subway,underground,-9.630508422851562
1465,subway,valentine,-10.608662605285645
1466,sun,sun,-0.0
1467,sun,sunburst,-11.207277297973633
1468,sun,sunlight,-7.450412750244141
1469,sun,sunshine,-7.171651363372803
1470,sunlight,thriller,-12.447514533996582
1471,sunny,weather,-6.031861782073975
1472,sunny,wet,-10.04645824432373
1473,sunshine,weather,-7.597111225128174
1474,support,trace,-11.605165481567383
1475,surface,territory,-12.170258522033691
1476,surfer,wave,-10.557765007019043
1477,tall,wool,-12.375385284423828
1478,tenure,term,-11.79537296295166
1479,thing,thing,-0.0
1480,ticket,writing,-10.986784934997559
1481,tops,tops,-0.0
1482,touch,upset,-8.490874290466309
1483,tour,travel,-10.177519798278809
1484,traffic,traffic,-0.0
1485,train,train,-0.0
1486,travel,travel,-0.0
1487,travel,wandering,-10.672076225280762
1488,tunnel,underground,-9.135936737060547
1489,type,write,-7.729241371154785
1490,valley,village,-7.325006484985352
1491,van,vine,-11.615769386291504
1492,violet,white,-10.195920944213867
1493,violet,yellow,-10.137288093566895
1494,washer,worker,-10.532432556152344
1495,water,water,-0.0
1496,ways,ways,-0.0
1497,weather,winter,-6.087531566619873
1498,wednesday,weekday,-5.511167049407959
1499,word,word,-0.0
